<?xml version="1.0" encoding="utf-8"?>
<extension version="1.6" type="plugin" group="user" method="upgrade">
	<name>User - Redirect On Login</name>
	<author>Carsten Engel</author>
	<creationDate>march 2013</creationDate>
	<copyright>Copyright 2011 - 2013 (C) Carsten Engel - Engelweb. All rights reserved.</copyright>
	<license>GNU</license>
	<authorEmail>-</authorEmail>
	<authorUrl>www.pages-and-items.com</authorUrl>
	<version>3.0.0</version>
	<description>Redirects users on login. Per usergroup / accesslevel / user / all. Backend and frontend. User plugin of component Redirect-On-Login.</description>
	<files>
		<filename plugin="redirectonlogin">redirectonlogin.php</filename>
	</files>
</extension>
